                  epoch,         train/box_loss,         train/cls_loss,         train/dfl_loss,   metrics/precision(B),      metrics/recall(B),       metrics/mAP50(B),    metrics/mAP50-95(B),           val/box_loss,           val/cls_loss,           val/dfl_loss,                 lr/pg0,                 lr/pg1,                 lr/pg2
                      1,                 1.1206,                    1.4,                 1.1398,                0.96976,                0.89643,                0.97007,                0.71057,                0.95207,                 1.0146,                 1.0152,             0.00066133,             0.00066133,             0.00066133
                      2,                 1.0261,                 0.7236,                 1.0623,                0.98107,                0.96583,                0.98984,                0.75846,                0.87088,                0.60122,                0.97746,              0.0010651,              0.0010651,              0.0010651
                      3,                0.99722,                0.60106,                 1.0616,                 0.9541,                0.96822,                0.99107,                0.77571,                0.84448,                0.61837,                0.99099,              0.0012048,              0.0012048,              0.0012048
                      4,                  0.974,                0.53519,                 1.0535,                0.99338,                0.99689,                0.99497,                0.78699,                0.84219,                0.38485,                0.97405,               0.000812,               0.000812,               0.000812
                      5,                0.94851,                0.50123,                 1.0468,                0.99631,                0.99379,                0.99488,                0.80217,                0.81401,                0.37279,                0.96429,               0.000812,               0.000812,               0.000812
